id,name,dept_id
1,Alice,101
2,Bob,102
3,Charlie,101
4,Diana,103
5,Edward,104
6,Syiichlh,102
7,Tdhwf,104
8,Qidkc,105
9,Gavlhyst,105
10,Gtggp,103
11,Tffedwcq,101
12,Kzrja,103
13,Qvkfexs,103
14,Zvzujx,101
15,Earuaz,105
16,Vtpu,101
17,Ncptbai,102
18,Pqaxos,104
19,Xagl,103
20,Unrk,105
21,Ouprusn,105
22,Eycfwyg,102
23,Ndnni,102
24,Qdcfzv,104
25,Jaac,103
26,Indg,104
27,Cbdhr,103
28,Ymkmhiuu,103
29,Ayrkdk,102
30,Nbqyq,105
31,Zphi,104
32,Qdmup,101
33,Snlw,101
34,Yqrcdko,105
35,Aeddo,103
36,Iqjtzb,104
37,Qoeysjy,101
38,Tdhg,101
39,Zzovse,102
40,Piujv,101
41,Rfwrcq,103
42,Pityfwjb,103
43,Cxjaxys,103
44,Jecji,103
45,Jhzipy,101
46,Nivyvk,101
47,Zcrb,102
48,Wmmmyqmq,103
49,Knnddj,104
50,Sgqplgfx,103
51,Glgd,105
52,Lkzczmw,102
53,Xqqe,105
54,Ivtn,102
55,Fqxkcdm,105
56,Rbsmfhd,101
57,Ivrxgu,104
58,Bhfvwax,103
59,Ujvat,101
60,Fdagvcyd,102
61,Ubibekh,102
62,Rdbgwtj,105
63,Zyub,105
64,Jajksh,103
65,Uqeu,102
66,Gyrtcm,102
67,Qvmgvzdy,105
68,Etmbeg,104
69,Qaido,104
70,Axacnp,101
71,Simnheq,102
72,Yjyhv,104
73,Hedig,101
74,Wcmqvhc,102
75,Xijcg,102
76,Amosj,103
77,Ttefz,101
78,Vdnjd,103
79,Gilhjmba,101
80,Isncvzps,105
81,Vyxlhj,105
82,Ouogsx,103
83,Hjuohe,102
84,Bakyyw,103
85,Ttzvorck,101
86,Oioumftx,101
87,Cskedz,102
88,Vwmm,104
89,Bnnec,102
90,Lfhx,104
91,Mvot,103
92,Qszcivi,101
93,Ekmtgz,104
94,Klqozumb,101
95,Rbhw,102
96,Xoolkot,101
97,Fbwj,103
98,Kzpvaj,101
99,Dpzfu,102
100,Anmop,105
